"","Poa_tri","Poa_pra","Alo_pra","Dac_glo","Tri_rep","Tar_off","Lol_per","Arr_ela","Fes_rub","Fes_pra","Tri_fla","Ely_rep","Tri_pra","Bro_ere","Ran_rep","Bro_hor","Ran_acr","Pla_lan","Ach_mil","Gal_mol","Her_sph","Ant_syl","Hol_lan","Hel_pub","Ant_odo","Bra_pin","Car_hir","Ver_cha","Rum_ace","Fes_ovi","Phl_pra","Pha_aru","Des_ces","Agr_sto","Cyn_cri","Cir_ole","Cer_hol","Pla_med","Cre_bie","Urt_dio","Thy_pul","Lol_mul","Cir_arv","Lot_cor","Ran_bul","Tri_dub","Med_lup","Leo_his","Car_car","Vic_sep","Pru_sp"
"Poa_tri",0.0854832280079134,0.0262512704164968,-0.030292940066139,-0.0643851560376539,-0.0500700622429195,0.0721344246663094,0.10086770539921,0.0819431023482381,0.0118043391693342,0.0597654078656205,0.149889769662058,-0.0161647228063399,-0.15841662854135,-0.0097768331021831,0.114581634627121,0.0829659118758931,-0.044490607916358,0.100422514787745,-0.0228343968513122,-0.125342725882683,-0.086321632068459,0.571926457834949,0.129695051976832,0.0230478121183064,0.214447758650501,0.0922847698331614,0.864301584200331,-0.117932625788316,0.0720567570125241,-0.150331872333251,-0.00389971006701057,-0.332112387429056,-0.511174212678593,-0.301455227387167,-0.327806681847824,-0.874830381954731,-1.23892850859652,0.219808606086595,-0.165889932397064,0.0114707838196105,0.193525776872356,0.206024108205242,0.844101294781779,-0.000930294427311614,-0.0621770372190316,-0.313690505007197,0.0778642542941373,-0.0402073315734571,0.14370144115629,0.140328138642518,0.0293776969511329
"Poa_pra",-0.059063645140053,-0.167402109134862,-0.0362907410806912,0.00268722579664179,-0.0178803180965731,-0.0997389365217289,-0.0822641795320547,-0.0542761531202828,-0.0102050836757034,-0.157731377284427,-0.0517883308328837,-0.013623711269516,-0.183722387152801,-0.0269690948638617,-0.0357353716305246,-0.10626537869121,-0.0889623242756383,-0.344683731345926,0.0731429232878907,-0.186029415619833,-0.00441482922211956,-0.0548956619479734,-0.265453563266161,-0.127797456682145,-0.158104833729341,-0.120382594314162,-0.406492145975271,0.474711168109577,0.117029950026608,0.104752534509208,0.0715132203251213,-0.23825084695028,0.0661897475375408,0.306515222040019,0.0937228959331341,0.9194153536846,0.800888439683522,-0.0104449842099383,0.0251705217459303,0.0646810298736007,-0.413385476985938,0.155259484766968,-0.688271163773724,0.355441632852257,-0.143215816837398,0.106121061830687,-0.00134673610182573,-0.287959804234399,-0.203701489875809,0.0775257181579935,-0.198932797476174
"Alo_pra",-0.0486424022126706,0.0388802834426012,-0.0705432645226932,0.00920994525138468,-0.013003428730451,-0.0157392038908495,-0.0120883790902429,-0.00701890138095157,-0.0477003713718985,0.0206207471043691,-0.0800404390024417,-0.0646185025009459,0.110822664654094,-0.025817672871288,-0.179252930239305,-0.0534016562504124,-0.211440221616577,-0.147791289359229,-0.0857684097296739,0.0183038265062725,0.397398638919545,0.0512011611764855,0.294819642649469,0.035270639431799,-0.141632964105192,-0.10196050987825,-0.0240063249994365,-0.0794933345384509,-0.330002678004727,-0.0606278926400195,-0.0535645940169247,-0.10022494457456,0.647305072007623,0.000927970981806466,0.267945651024474,-0.0143020328073549,0.342119868138317,0.198599177942667,-0.0725780887596497,-0.0853896628180704,0.0599549597683058,-0.042012412567557,0.425684113833871,0.134177559464175,0.0163969226371704,0.535547068099178,-0.0751892652668047,0.00107075800411592,-0.0688987966504249,0.389641855566792,-0.0672813743390378
"Dac_glo",0.0150511399910958,0.0413344862503405,-0.04358407025028,-0.180601153914266,-0.0925583727029831,-0.0118077449301271,0.00644024796935865,-0.0478060277381427,0.0985608515654846,-0.00480371719297783,0.290251912163817,-0.0019201903007875,-0.0241764169514599,-0.0611236195301618,0.0135743073145428,-0.127642529327714,-0.0327335428693079,0.255452047719094,0.105527793237932,-0.187114455449219,-0.161238740063734,0.320496277910618,-0.0752804612669213,-0.210816862055436,-0.102695946322376,0.0291065213661219,-0.311026436421273,-0.152100615673856,0.207627180191006,-0.238597277472396,-0.0649224219330596,-0.0558761612769089,-0.355945184420624,-0.0266217151893236,1.28017932140546,-0.140666540979177,-0.873511255864814,-0.553592372011603,-0.301789434534779,0.107322945808618,-0.0109392691846591,-0.102272819047797,-0.0378655665881051,-0.216920755180286,0.204146687527366,0.0295867937254216,-6.2086149379563e-05,-0.00296868209098694,-0.0892572686900572,0.00247239082369727,-0.157123536557239
"Tri_rep",-0.0508913233640918,-0.133533496724259,-0.0620467433597972,-0.0439812094365585,-0.00163526648272412,-0.12285003001249,-0.129395991511836,-0.0932302854890223,-0.150433800100503,0.0306867081155252,-0.152516010972206,-0.0174646424080084,0.158502097937493,-0.105892001642813,-0.141846286996163,-0.0629397302708759,-0.288425770131243,-0.312836942193971,0.054834580157731,0.0608367746064904,-0.10995229623623,0.0070861057599537,-0.0651666009492424,0.0245682196891588,-0.0934111368733226,-0.0692389481553916,0.0817531724511009,-0.0813930197274691,-0.0972017813954016,-0.0578533174590855,-0.222945271642245,0.24185602359001,-0.0710369236485188,-0.280119901998118,-0.937838644091461,-0.19993800466992,2.42707623784538,-0.0200726985497372,-0.0167677150513896,0.00439642408295814,-0.0444811471485652,-0.155860228101885,-0.0594998023345032,-0.300520784551981,-0.621945077144447,0.000257823302764149,0.0684917663917733,-0.0473371998127506,-0.266156276268184,0.0435043117658404,-0.206115505642001
"Tar_off",-0.00762431367076938,-0.0149416906306887,-0.0402911732803997,-0.0760636812322278,-0.079473024580895,0.0531245947466775,-0.0153185710897808,-0.0288027308968931,0.0521081423341513,-0.136603172036524,-0.0325074302719216,0.0161602091173712,-0.109830415735724,-0.0536807774069059,-0.0430468434756181,-0.0913008744314426,0.141397666567125,-0.130909510382029,-0.165696336248752,-0.0534772209675681,0.00121032094404079,-0.189288771054012,0.0301962534370115,-0.106546805360883,-0.103939485927065,-0.264356227886003,0.0880662807767963,-0.116454587769892,0.094743790682799,-0.0402796825267192,0.107845718477782,0.331554058851575,0.0235614593288027,-0.275500678201006,-0.00719167512586769,-0.203019548380213,0.16871377501052,-0.0375286825111145,0.407227545666673,0.0544058491014436,-0.186614164289277,-0.083059377384868,0.32717775312133,0.197866270431202,-0.406703759006945,-0.499365984030225,-0.0611242545159247,0.416541776999978,0.266134036368508,0.219153788974635,0.0899132508813169
"Lol_per",0.0456511521436597,0.0789496228499659,0.00984077402089269,-0.0476426819278431,0.107815788360536,-0.0764847866394988,-0.11001171066439,0.0130664513793286,-0.0519253154241113,0.0311842824190093,-0.0357876006856831,0.0929501728776385,0.00547634282643492,-0.0287408591689399,0.0604607887367051,0.0147990696657541,0.0378007457843289,0.202988660423933,-0.164069063961725,0.0931233306729282,-0.148927077511682,0.075634691674557,-0.116489389596773,-0.0574692639187167,-0.0798035569591827,0.054086835287376,-0.250216589323452,-0.136541658340569,-0.00163997145235707,-0.202703830355042,-0.095235205601038,0.141777174277438,-0.517076232074215,0.450631092531637,-0.0680799630685305,0.0555283318600504,0.472597356626697,-0.125516906067538,0.029124933756225,0.023015473988658,-0.0705676151519197,-0.00562550402662833,-0.341292281337557,0.185220715733515,0.841387143792052,0.391481249847587,-0.110217846202575,-0.0929847051613565,-0.352189882626757,-0.118180138891812,-0.080052521433236
"Arr_ela",0.0137217367778377,-0.0305259540184198,0.00154034337824924,0.0721148606768882,0.0270253817935335,0.0036953656211639,0.0358177941797644,-0.111632624808627,0.0555184005497353,0.0415998598460119,0.00970319984823038,0.0636231705468504,0.286838648976299,-0.0207731284812213,0.0347761800202565,0.0794411496281817,-0.350394408009825,-0.148943834763755,-0.0604734507585823,0.143238900770825,-0.0907893216490818,0.0264215734285946,-0.0191741228092091,0.113367168108114,0.117398657279394,0.0734231349052161,0.120514878432479,-0.235080623413043,-0.395210433939239,0.273927200364735,0.0254583240321876,0.164241554860357,-0.202930353136417,0.129917899218898,0.212841820327533,0.359522531577262,-0.599995219228682,0.0742704897176201,0.0948365673379336,0.0244299624056499,0.199018202764615,0.0561290909246036,-0.208296425204432,0.261402057937134,-0.679685681567672,0.363628508121745,0.0796848640609336,-0.10691190247979,1.13999662270702,-0.0553475340106742,-0.106152533803351
"Fes_rub",-0.0257780549144236,-0.0276841450666196,-0.0274988463048393,-0.0442374018980293,-0.0124763637430791,-0.0187681322805834,-0.0288161869254439,-0.00367583186480909,-0.117796287787025,-0.0361277336650019,-0.062237236430679,-0.0115120790432162,-0.135027966278575,-0.071539988966845,-0.0209367330986403,-0.0617266372320037,-0.0681066137416637,-0.161110613166241,0.0352088964436332,0.0229232801048802,-0.00435927833024671,-0.0741034958173513,-0.0177854909598067,-0.125658943283104,-0.00621705990966761,-0.237206196330182,-0.125292990670412,-0.0884235348293802,0.00322294101075773,-0.252407114613964,0.664262132014372,-0.149682173815796,-0.0864758365708321,-0.00735622517926926,-0.34146370975561,-0.126567141532431,0.0280223690221594,-0.245304749847743,0.0568610788947053,0.240068168152423,0.113085522230684,-0.0225735129923171,-0.124376017924251,-0.00816932857616506,-0.154360066009925,-0.0991578066633334,-0.0703954657753432,0.0325731195414183,-0.101250566255153,-0.647032401445088,-0.177148721798226
"Fes_pra",-0.0527863791405249,-0.0518278409930208,-0.0178062709954608,-0.0786761993692963,-0.0384837530585612,-0.0384550393093329,-0.0300867776860074,0.0255627883981809,-0.0518200587242858,-0.0505858495940414,-0.0756404819177116,-0.0128130335417151,-0.096344658731938,-0.03015682137895,-0.0456493076880258,-0.0765532145590345,-0.0560697987053769,-0.131812991344743,-0.0909526274159824,-0.18935689041437,0.0297569421223674,-0.19616774767921,-0.0836098830357959,-0.071489449860841,-0.0438015700587467,-0.0857421825172881,-0.115720329640495,-0.0924038501570208,0.00890990144339278,-0.0840788279625908,-0.426980763422455,-0.0681693088529812,-0.934914175434407,-0.000969542253157273,-0.0713832319545445,-0.110301338177863,0.0818761755963593,-0.150247278503383,-0.0474202175540828,-0.0296986577832935,-0.110483054431273,-0.29215865830678,-0.0855474251185355,0.146710940899733,-0.13827220745292,-0.147253139780703,0.077096744875978,-0.285388323297318,-0.192051166767949,-0.211692731352798,0.175740485471981
"Tri_fla",-0.0146066115366366,-0.0482117590674278,0.0217798427278477,0.149606234186644,-0.00456341353407472,-0.00279491938597326,-0.00858343672055075,0.0357456951891764,-0.0798963947124172,-0.0344118137746222,0.0484458577696937,-0.0198141843725993,0.00428470881146405,-0.0179877715702808,0.0220775090987887,-0.0540762652809934,0.0986073322490246,-0.121483324548212,-0.141622519975648,0.0396513109676983,0.0296681670589858,-0.110519828331309,-0.0463258978292317,0.0318364329764256,-0.0425576690191988,-0.0852233180808262,0.0433180960167655,-0.011715074335102,-0.0734767120116116,0.0748190335285348,0.00737636998569773,0.00630543830608922,0.0744163646421098,0.0519707707424218,0.178424339439905,-0.0220334702187324,-0.097740071369002,0.949059996923651,-0.126530164410778,0.0233079998621307,0.019116156820458,0.0644324467507247,0.071956381884491,0.124019962800569,-0.0636937773550478,-0.0161343908293618,0.0666189692924881,-0.0268939430714445,-0.28444491509191,-0.175109256919668,0.0298452007545432
"Ely_rep",-0.0170550821896169,0.0743698760494833,0.0241333055807453,0.0428825528370614,-0.00840882033479202,0.0284685158305639,-0.00618425439630478,0.0203909315256809,-0.0422585341226852,-0.0249201949328236,0.0283263493758135,-0.386891470061836,0.0284611709349159,0.0118616581383151,-0.0234043839297017,-0.0313212190235354,-0.0165364955136942,0.0627558753961372,0.0895301561600458,0.0194555265551535,0.119727928950003,-0.169161660617565,0.0582100262924201,0.0464141461464186,0.141931944664982,0.0217613198489644,-0.378505703458574,0.119999843412742,-0.061316629556056,0.0541973950663453,0.00248405965629527,0.505396734523694,-0.0933489913923395,0.265408247452686,-0.317348001867087,0.0767107866523457,0.0495948720848442,0.0420521134738821,0.0275502740529753,-0.0556983005411292,-0.0839411816539849,-0.0130151096222419,-0.343714793094562,-0.226076455700197,0.0373703763661562,0.00757796090207194,-0.0850334933869355,-0.134887934848804,-0.162436245985067,-0.115044228251806,0.23443334312456
"Tri_pra",0.00844094303697333,-0.0264412170680092,-0.0157425293119957,-0.0422528004030551,-0.00247068357578751,-0.0652910174554305,-0.0344464242062959,-0.0545059574370507,-0.00635106865354255,-0.0202734900128351,-0.0631769326230045,-0.0107003311532564,0.122399588902766,-0.0130877031959398,-0.0114389273123981,-0.0324686331461994,-0.117048234522526,-0.0939001810969843,-0.0307201629285196,0.118367513086149,0.0367371229667433,-0.0969036003294147,-0.0199725573324059,0.0158086016027902,0.0308130843260108,0.0182755578105018,0.00356897414256032,-0.00117911375301285,0.197287243074008,-0.0647966807006211,0.00718986278425885,-0.0593567078542233,0.120576004121593,-0.0734107150529551,-0.231921309431188,-0.00851336793067443,-0.310726201469733,0.197429793269004,0.0482956028960609,0.00955221156268135,0.0366540155666972,-0.0296433221788767,0.109220928513345,0.0729514444791906,0.164014405738295,0.00481757976920002,0.0125233012193031,-0.0224515122751325,0.1287508951941,0.142140524191432,-0.136616327343446
"Bro_ere",0.035903907523397,0.0587066164690259,0.0518946308945582,0.0544499934456361,0.049902841803322,0.0421182025063612,0.0543966282090681,0.0435062513390765,0.092824866247318,0.0272859358154632,0.0396011581616981,0.0490400575354532,0.0584378500346623,0.06194334066747,0.0544287185471905,0.0718153238429148,0.0718556703936348,-0.03888611218593,0.0801347937202685,-0.125679230691143,0.0861755831654212,0.0312826671570696,0.0680902204964893,0.388719489537859,-0.0185395922451654,-0.125068351281181,0.0670449721101376,0.051638517988097,0.0968216551855657,0.0128879799151732,0.047180729987112,-0.0122291568923708,0.089505615451027,0.0466914995318665,-0.147541769887046,0.0338700413808193,-0.134739736071897,-0.27081371577889,0.0804908781173409,0.0439446136359406,-0.174242110508244,0.0405385123739315,0.15073242845636,-0.0941382004687239,0.177358571506282,-0.00793598845097533,0.226825938567942,0.215182937531957,0.0310320196900853,0.49670921512531,0.571535696734568
"Ran_rep",-0.0298911697390692,-0.0103323443557654,-0.0215658999009043,-0.00123734494329454,-0.0252486024853481,0.00708637192030289,-0.00402795629502992,-0.00559754650163901,-0.0323892110662951,-0.0388993409340736,0.0266954004216269,0.00351048743048334,-0.00186971680872912,-0.00738885609807237,0.302860398548851,-0.00566671192912949,0.0538077604149832,0.0533245473103206,0.0123544584362031,-0.00584117834939809,-0.0816016300642136,0.00975639974001423,0.0506397520324238,0.0171754462548214,-0.000656285220703661,0.0205108981085569,-0.088133558875825,-0.0313935997907658,-0.0637128916917534,-0.0935326021350906,-0.0147095481639643,-0.128840421734715,0.0997357684137507,-0.0515649731298627,0.00992365968762271,0.112029166370027,-0.636154354533423,-0.0516889227869632,0.0152219547397459,-0.0286616160756107,0.0385437470205895,0.00221179164877808,-0.0149690872863625,-0.0590140745739345,0.0212903284597706,0.0285990710727081,-0.0460749489558808,-0.105891502819577,-0.0122686419498655,-0.2246471136445,-0.0274931765935133
"Bro_hor",0.0170249560552985,0.0139264168303779,-0.0209596177767215,0.00736255829683628,0.00784791564703629,-0.0389078405113967,-0.0437269039703335,-0.0255794766631016,-0.0119435931545696,-0.0102827120585346,-0.0200283434881825,0.0131123656737262,-0.0665174045178198,-0.0175664487538205,-0.120427750778762,-0.0110679286215334,-0.107488793695724,0.0310153988375677,-0.00279213210716741,-0.14639014305969,-0.091235023173566,-0.0154717337534787,-0.0323897902886266,-0.0215421168195968,-0.0169145344613563,0.0283977678114843,-0.0489790445497873,-0.0518005870602959,-0.00735690310422415,-0.0533210090645681,0.0389876215885326,0.0132762247745138,-0.287557060832733,-0.0409819909877397,0.0412502996016639,0.00185642469415425,-0.0993864154995561,-0.0955321573273524,-0.123613694294478,-0.0272182430536228,-0.0510188509787762,0.11631190858441,0.0609121946396419,0.00735119064676472,-0.0407445744916925,-0.0358974209097631,-0.146575308414291,-0.0396643805256456,-0.0205955715999123,0.00333930506683359,-0.128938302180682
"Ran_acr",-0.0133094244726712,0.0103827020890912,0.0108191585826919,0.0143635492444642,0.0303238156093386,0.0123562273908365,0.01263882785251,0.00889623229064938,0.0165649135498627,0.00942821615228871,-0.0272162884800461,0.00871274210711956,0.0595198978330232,0.0119746693602356,0.0251833158605146,0.0119351371001599,0.309389719323968,-0.0420680704644859,-0.0262071412237797,0.0960046535082813,0.00532875508790281,-0.0524514061617245,0.0205435781438185,-0.0209939754495672,-0.111093222033535,0.0233639070376236,0.0798596692088623,0.00547523777411714,-0.0114761223376794,-0.0475240728038453,0.0296078105775899,0.076739051103761,0.271004575518968,0.0205789158219096,0.27365343247634,-0.0352505823975578,-0.217252570328023,0.064976158072454,0.0048482613750703,0.0419510351560863,0.0342665030189853,0.0135792254683971,0.0851442040811704,0.0552267545393179,0.136670472714395,0.0336979145366658,-0.0175458647480774,0.0873315443085176,-0.0548845956217622,-0.527799317976609,0.0659037432861569
"Pla_lan",-0.00445107140831564,-0.0127400534653932,-0.00848441306113986,0.0141634987947753,-0.00247174942076478,0.00333909816107359,-0.000127465384146381,0.00111739453032425,0.00785913857704381,0.000868747709980761,-0.0349724198716694,-0.00125440757061333,-0.0267536061022534,0.00430377325377393,-0.00498024830803071,0.0220215692998949,0.0498610942787871,0.0416922225781775,0.00698975482842985,-0.045453435300265,-0.00616901293998627,-0.00989701254617616,-0.0376615070973912,0.010682163503202,-0.0155569724568499,0.123165885453769,-0.0366079355576533,-0.00121290097415713,0.0608217524941287,0.122257059466865,-0.0434627655862759,-0.0607273027269055,-0.00197453062828074,-0.0314758707597677,0.00714042438830942,0.0131185792972243,-0.13186707233807,0.0312307463439456,-0.0556599815313217,-9.1801461711603e-05,-0.136262479887949,-0.0652029229997433,0.030455109591731,0.0182778831809506,-0.26369352525765,-0.138501580217862,-0.00354170824679312,0.464730078094479,-0.0120771840139731,-0.221184936989504,-0.0734921794676954
"Ach_mil",0.0194960154727854,0.0145144856253516,-0.00255005969238893,-0.0151899513897068,-0.0154703181173203,0.0561586097956662,-0.0192163584730845,0.0105117500690883,0.0681059126539503,-0.00508173796592884,-0.0494643983880884,-0.00468621052570311,-0.000644096575655703,0.00211262220348268,-0.001945914407462,0.0164260683471153,0.040004197165202,0.0397363020919672,0.0203871168998478,0.0390760267003272,-0.007183718289983,-0.0190513743890573,-0.00780704005606244,0.0168131476389282,-0.0768483021158242,0.00303390344135128,0.0305951381760282,-0.0109712946092773,0.0178856279890068,-0.0547054490925469,-0.045355586288324,0.0217525557185936,-0.149187916373729,-0.00648167474032358,-0.0255830350243135,0.0049976471192972,0.0797416490806108,-0.0163050786757596,-0.0259711391142743,0.00906177880975455,-0.0141484928537469,-0.047058534828858,0.112901026399201,-0.171819165746036,0.107365746302041,-0.0145902771444279,-0.0762759112991261,0.144572277354976,-0.0567547165267061,-0.113615000497105,0.0500745299331797
"Gal_mol",-0.0227459359630543,-0.0251680054283728,-0.0153398139456422,-0.00980492314213746,-0.00450060178895586,-0.0218453048742633,-0.00990045754142538,-0.0123024030730576,-0.0183168699574685,-0.0130960379178065,0.0470816035230712,-0.00316532582688464,0.00443128030628338,-0.0369075421229268,-0.0164471263771245,-0.0218707842012022,-0.0367035544332233,-0.0713224353948805,-0.0139213786660296,0.118260548706766,-0.0555799944913419,-0.0466430352667591,-0.00677943372332635,0.00506335547798055,0.00848614302573545,0.0159094685082063,-0.0109796287174876,0.0102218025363383,-0.0907105911564621,0.0695618507389491,0.0806267266701778,-0.0166616238460472,0.0110766588895581,0.00437403763751208,0.0844175665932271,-0.029833183556669,0.0733245559579832,-0.0427463853961853,-0.0087986253792542,0.00123032422501315,-0.0799948709262778,-0.0177525339407687,-0.0142541698250247,0.0734710322272708,-0.0980136483150946,-0.0100864603378199,-0.0128444672716344,-0.0160727903509431,-0.047057117590423,-0.255452811314078,-0.10901011276238
"Her_sph",0.0179097126870919,0.0161899064773555,0.0219269862194342,0.00627247758366992,0.0134880918163332,0.0153968052029137,0.0122013171896588,-0.00657538434115187,0.0294352591444241,0.0138808212633295,0.0346217984854842,0.00564820027131002,0.0470100740937135,0.0109867689893804,-0.00805262291488739,0.0101795347953674,0.086188043991849,0.00113192816284471,0.0259227195341514,0.00828089205371482,-0.0486303456192299,0.108037012478449,0.00884843303382647,0.0455842720297349,-0.00349664339714635,0.0108207219811884,0.0856908357646226,0.00800163850628944,0.0343084804566087,0.00417263556011457,0.0233133177765486,0.0183408043484047,-0.0946817868521241,-0.00273131849431322,-0.0685020404062764,0.125914410298674,-0.0869895169796233,0.00538557373174467,-0.0398670835127773,-0.0563463322297738,0.0518832086507572,0.0092239411560392,0.283947145933429,0.00800724163418717,0.135611614689972,0.0577906968206539,0.0321189442303865,0.0398594570535048,0.0280417632378621,0.305706838682649,0.032426477382717
"Ant_syl",-0.0105506164100033,-0.0048532580749924,0.014552641692221,0.00987076419556241,0.0165392230320082,0.00442793613790565,0.0158826413023496,-0.0060453306134736,0.0210505838178862,0.0311242079721094,0.0142487377090835,-0.00116948576552511,0.0297278001963408,-0.00143784735790067,0.0143335242006499,-0.00281705253006764,0.0842553030582751,-0.0112582353219329,-0.00628327577406936,-0.037302439243347,-0.0351263928070119,0.0257196894018686,0.0162646357888961,0.102463725478802,-0.00920821277469226,0.0177931253729927,-0.00020441430108696,-0.0011820969923083,-0.0205628788246904,0.0660137830542848,0.00839993517634089,0.0542333120022836,-0.0360716331848874,0.00215444107578355,-0.0106904279835672,0.104398270024638,0.227306176408175,0.020205902946572,-0.0144859929558357,-0.172811582443184,0.0664996640003744,0.00610106940625296,0.025235272232212,0.0396423200912497,0.0684257172603046,0.043293461412618,-0.00176171690338311,-0.0154902939381217,-0.0112598728527566,-0.0268192409809972,0.019892750747489
"Hol_lan",-0.02004896501965,-0.00931189326158062,-0.00359868547099593,0.00692696184035561,-0.00885124735663424,0.0140340045684444,0.0212268945157279,0.00394200169330442,-0.0185993690829192,-0.00161692535055139,-0.0183107066114597,0.00699982263811709,-0.0272308687560386,0.00914804968559536,0.0386500068746754,0.0106865581525748,0.0116753559964838,0.106253141554452,-0.0417289633223851,0.0231496310527282,0.0214585798517621,0.0192148978123158,-0.0448868904928409,-0.0169794545211503,0.134810970318915,0.039041371819238,-0.0392653390639786,-0.0306816085980672,0.0722598478552823,0.0625530267436194,0.0107339219327879,-0.00496405457597182,0.0909745772111521,-0.0253684118045535,-0.0235970267886633,0.0311034057607112,-0.00654986949948639,-0.00658397837055576,0.0210427763248858,0.0487838640605368,-0.0434698454160601,-0.000672691555564641,0.0509600988876435,-0.0282779551749767,-0.105344502251082,-0.0828653033644579,-0.000989681317493176,0.00663129373591019,0.0173588163249567,0.106686169536584,0.000502710228937695
"Hel_pub",0.0444645795835565,0.0713197292911165,0.0485525282638933,0.0438729224407414,0.0438240930374237,0.0562536624930916,0.0490764903605348,0.0613522195684105,0.0418231578896682,0.033160760682302,0.00984615071769931,0.0490830666375875,0.0109981582188137,0.280457473620206,0.0431849784107941,0.0715635392281083,0.0691458337214107,0.00395296413096851,0.0674162707484152,0.112852624431409,0.022219671500015,-0.010602615924953,0.0439480567040472,-0.317360698816098,0.170392705626326,0.0117346257905546,0.0496670498493076,0.0386057527009325,-0.093857466953371,0.00190676299836289,0.0949251253443038,0.0383399937006711,0.411316659569058,0.0375381928049638,0.14056475507797,-0.0189050169915806,-0.0923774742441684,0.0793603939741011,-0.0249310356606119,0.0549252426883943,0.00905224683923736,0.0462501278292493,0.10838148572605,0.155262613746378,0.0797260979061472,0.121776435834175,0.0325406255008868,0.105370865368807,-0.0848505577044407,-0.0426957621493248,0.116159332469599
"Ant_odo",0.00876242737559082,0.000941826895931547,0.00838158294896368,0.0142373680440695,0.00503901483421632,0.0268860977139731,0.00845995527683126,0.0130927087972978,-0.0102776539235349,0.00491236743154795,-0.0074365447848702,0.0146153987220629,-0.00910315384042881,0.0548104466143301,-0.00731874230813009,0.00597971142921797,-0.00733027835130868,0.0412087153820827,0.00452396137841953,0.0373141303952214,-0.00636123090119812,-0.00776715865656856,0.124995455370297,-0.0204508054949274,0.225730378382675,0.0597713963052293,0.0197632186390588,0.024097441357361,0.0652736799799906,0.0724692854716757,-0.0156780651374684,0.0131870729727345,0.0562914139703745,0.00370677446060807,-0.250363366028556,0.000532477133475162,0.0492472878921422,0.0811115540867996,0.0517300861996348,0.00545982096428572,0.0479958726645092,0.00872532934461256,0.0358729336981659,-0.164511129313938,0.116295809152287,-0.0730526766070883,-0.0981084454639724,-0.0162800165193982,0.0620990438086843,-0.124212544708101,0.022838867775628
"Bra_pin",0.021366951334703,0.0114498222021798,0.0213484053703078,0.0232530171735909,0.0243683898830333,0.0247701651176793,0.021316403478435,0.0178693164336853,0.0233935937945196,0.0154923144260799,0.0358523588301375,0.0304402200099528,0.0273245585315775,-0.0143450744181029,0.0278822322556466,0.0203782704790335,0.011260685774698,0.102072267392238,0.00883872096258355,0.0476916016967524,0.00740824437762185,0.0226202550570835,0.0188986171000541,-0.0197016278801555,0.0462695378418129,0.371621736938032,0.0257774147256276,0.0269606288072057,0.0203498497199298,0.0359636035348206,0.0245179850839931,0.032958123125264,0.0131389787140355,0.0312844536700177,0.205611348390562,0.0208623302315704,-0.0182868869798087,-0.192800028584145,0.104275472160681,0.0293989564026883,0.335739225226502,0.0121999745668244,0.025241035763058,0.116307357337782,-0.064148933793747,0.00825182059915833,0.12784094033177,-0.174863716855288,0.0394358436408853,0.0553130568882308,-0.333133233923872
"Car_hir",-0.0236262538255769,-0.013245313273014,0.0017684275633976,0.0004060052997303,-0.0022086053640634,-0.0156577276503724,0.00926631534280959,-0.0102074215925858,-0.00482164651732968,-0.00361261046984182,0.00601099163697684,0.00373451251256437,-0.00805493935588717,-0.00547349780090177,0.0302429248228298,0.0137668342510704,-0.0355466298488968,0.0180975475120355,0.0170097948948429,-0.00252998479420724,-0.00566203997415153,0.0105302775536889,-0.172521741190263,-0.0222963925220445,0.0337190670338737,-0.00494742221868638,0.0362134743988043,0.090826315234362,-0.0750690609095168,0.0255342856154294,-0.00488844348809285,-0.490886819319058,0.0717410000980286,0.0231924936398278,0.0158945484502212,0.062116352259142,-0.151777871901854,-0.0449776270082597,-0.00288039772414384,-0.0803235112655241,-0.0226146381747727,-0.016953400523875,-0.0621145839114909,-0.0825572970367438,-0.064676158796335,0.00829848336903864,-0.0105486751006576,-0.0198215132127289,0.0547222506178305,0.0156791487355877,-0.000328768776375188
"Ver_cha",-0.0174885459333594,0.010394343643588,0.00480740368173443,0.00553899897080258,0.00167268930289152,-0.000226223033922186,0.00665525996489381,-0.0102648015114969,0.00581561862235351,0.01836232878453,-0.000124434037050677,0.0133933772387276,0.00681735692296013,0.00560387611573738,-0.0113119151446852,0.0162273848544,0.0124099892908632,0.0149234062840756,0.0343291374810123,-0.00972309312812496,0.0196463436055193,-0.0625229903331802,0.0596545669942724,0.0178062384046141,-0.00176691984487879,-0.00146165985131372,-0.00706014056427985,0.292108686587122,-0.000405151068609259,0.0036381988818768,-0.00833215808078844,0.0356639508584955,0.00826617973199443,-0.0350261099015445,0.00536868367849051,0.0316373303547186,0.102564374960112,0.0215894830166738,0.0200887107017931,0.150294143951492,0.0212160286736309,0.00635428489808287,-0.541799248648992,0.00091300685574505,0.026904128133763,0.0386079262383525,-0.00015459656464259,-0.000363823787499185,-0.0346323367211344,0.0276439148901172,0.00124191340064131
"Rum_ace",0.00723941430865158,0.0162490911645083,0.00275071691328898,0.00749757947455109,0.00415454942771214,0.0167162099599373,0.0177357886196555,0.00163450343468698,-0.0018756204678748,0.00668832237308536,0.0146649175811225,0.015917465565462,0.0136642406241631,0.0350674025486528,0.00370687027661719,0.0156591992974066,0.0161778459680144,0.0257923895169004,-0.00149070017812269,0.0149006975871084,0.0280412755540523,0.00754713902659896,0.0507905294474274,0.0250657421156524,0.0166013520391546,0.0210132474683819,-0.0302528537688425,0.0195520758050414,-0.100646096095743,0.0156824935494508,0.00946064763589352,-0.00711737128485902,0.0641378532395232,0.0203205541457762,0.0498252375695436,0.00238576279401768,-0.0173944297856939,0.060882073703202,0.0298267154970198,0.0192224490224056,0.0459372503393563,0.0272006312082767,0.0331581785530293,0.11157586072714,-0.0146787110305408,-0.00589528615664612,0.0149861345291973,-0.0270128693119865,-0.0038115711266361,-0.083489731282729,0.017902541779053
"Fes_ovi",0.0182491224396592,-0.00113590388821738,0.00495187134408556,0.0124182223779673,0.00289448895100582,0.0133871314465645,0.00375090962502028,0.00040969140770474,0.0253223542631265,-0.00407986331917663,0.000483417485977132,-0.000734137523579803,-0.0233753990181379,-0.00629437926193423,-0.0119088053227593,-0.00962081018590765,0.0394838485359557,0.0407188043118588,-0.00982048944334022,0.0323186743255348,0.0224740576909808,0.0173331082956458,-0.0778858160233179,0.0566601410636586,0.0469079071673714,-0.00119847741420976,0.00302066675383052,0.00838394006452629,0.0134988148538284,-0.228445784854404,0.012281176756249,0.0234885410445734,-0.0325137249050785,-0.00191350564147026,0.0608873360962546,0.0208498399809805,-0.249584706274637,-0.0337699303237799,-0.00872303995149928,-0.0078569612769405,0.0268022082604724,0.00803603060567409,-0.00553183608324193,-0.0165333146343212,0.0867915826609015,-0.0315431214141489,-0.00111827216695326,-0.0244534708820956,-0.00325231822495311,-0.0747071260594417,0.0152983218680269
"Phl_pra",0.018700848197626,0.0166473466723894,0.0241645655588149,0.031507067352551,0.0205448684734678,0.0235658027203317,0.0288615161622196,0.0332271788390731,0.0012990607969148,0.0212305579153572,0.0642690936606752,0.0182528907401104,0.0140896424940208,0.0168279845465785,0.0302406618878156,0.0290113428504928,0.0195656569056809,0.00922098638684408,-0.0538831417241265,-0.153641449055265,0.0267744534605697,0.0209433518932868,0.0228243600037886,0.0694236637866074,0.06919045501721,0.117357393612356,0.0241777244641305,0.0277846485217642,0.0611823056828811,0.0488285114832809,-0.288361174045963,0.0462182562466319,0.0948906476478436,0.019254344623198,-0.075267367504091,0.00555170813823819,0.0495838532422361,0.208493614870691,0.0598953887370583,0.0180639688648193,-0.183991765070013,0.0330342765414451,0.0493398526487575,-0.0765742003241491,0.0571425834471017,-0.200343969648552,0.000278072512887158,0.0524050334887826,0.0114577809425398,0.129496235885686,-0.0279105667805809
"Pha_aru",0.0081374031377216,0.0466629015287789,-0.00730852524006815,-4.39407246126307e-05,-0.0185661781049442,0.000391924172910086,0.00689944820412695,0.0191010036473268,-0.022882206352368,0.065501117484161,0.0153493207284917,-0.0783508259543843,-0.0130839715026847,-0.0141793747164673,-0.0203986812626102,-0.0061018300053079,-0.0545137006199877,0.107472981565719,0.0329901306342155,0.0248654245528607,0.0143909441700867,-0.0582188137567071,0.0111768348639847,0.0180022386189393,0.0172829688499177,-0.0054516397939997,0.0416779131131717,-0.0407091014581463,-0.0625375796876004,-0.0272640846031492,0.007918669647122,-0.361376743571588,0.053825108084635,0.0964471016250801,0.0399826609322805,-0.115803055592462,-0.186229341659542,-0.0814711549991603,-0.0146420172016845,0.0217843404229337,0.000972996213918867,-0.0602448570519905,0.0993101895633759,-0.10200816478457,-0.195765440533484,-0.00694879404092326,0.00484993544339319,0.00462395050340846,0.25002729769141,-0.0354411092428151,-0.0589380298682034
"Des_ces",-0.00775885986007701,-0.00512454446857926,0.00619012781793014,0.00528228340285764,0.00381644370528532,0.00618772999461815,0.0088587058252449,0.00754490986986067,-0.00776190337888504,-0.00235992411281073,0.0193458530258783,0.0105618555301076,-0.00207015471327311,0.00500364508257942,-0.0044819277463033,0.0106547019903367,-0.000820307024257612,-0.000894825468069392,0.00772548305335009,0.0181337125189114,0.0185428861370165,0.00492347988641087,-0.00742908506323939,-0.0232875405092009,0.00221094014676829,0.0156006425982743,-0.056224263576178,-0.0463041216756689,-0.00795288163027612,0.0185037071417883,0.00862273442906168,0.0578693846095033,0.0181798556766384,0.00593139570970648,0.00121731586348392,0.180553547818232,0.138409099102858,0.0163745150524376,0.0228572419358591,-0.0247217968154219,0.0138931451585,0.00687361512246533,-0.0287175516034365,-0.0010886860895056,-0.00528618617387167,-0.0133420432044834,0.0256121669147717,-0.0535552675264819,-0.0128292249767557,0.129996447730606,0.00104350598971876
"Agr_sto",-0.00746055996265988,-0.0163368806907131,-0.0120672331227046,-0.0215824294264434,-0.00678689658684078,0.0087548638529872,-0.001176830505282,0.0032797341321338,-0.00737055195000775,0.00949013335965367,-0.0127735720561386,-0.00894612442294363,0.0251638402026836,-0.0134335338466427,-0.000481801967783603,-0.00245556271439359,-0.0262452539568392,-0.0427929004317809,-0.0205260429601056,-0.0190719401278647,-0.0275359997933945,0.00398926587191075,0.0050379576002672,0.00222471715006897,-0.0229274055534611,0.0587722396978464,0.00860753326758222,0.114107301746821,-0.0286857806794589,-0.0343809192670265,-0.0283591730796896,0.0819518419832367,0.0604566111395295,-0.100102550168545,-0.0216965485710685,-0.137978435334457,-0.0368066808537489,0.00167120935718645,-0.0143616599657756,-0.0162281086537249,-0.00854358699937472,-0.0680085339094117,-0.0227508829911012,-0.0733872720192014,0.18867867458721,-0.0170459647118471,-0.0871609791765759,-0.0121225658622005,-0.280224287582012,0.287893458350414,0.00640230179304145
"Cyn_cri",-0.000153124861558687,-0.0046580991277151,-0.00430994416172235,-0.006776825122219,-0.00897781024197212,-0.0160894166552483,0.00161200096503817,-0.00210947306895753,0.00412452293987514,-0.00449225205808137,-0.0196881834533002,-0.000236412099250976,-0.0700460304384008,0.0363061657500586,-0.0191556755753742,0.00642540165561788,0.00857365567247177,0.126363246256545,-0.0371737474632309,-0.0445899523380972,-0.0303882904447161,-0.00276137631701043,0.0239107018164809,0.0289199969254465,-0.0159139754909464,0.0132637286361933,0.0130475675159092,-0.000813686943275367,0.0326286068080428,-0.0566244318826165,0.00111943861671531,0.00667015995410578,0.0418907648400908,-0.000432517669044122,-0.0529702922719783,-0.0117284560015547,-0.00131450925073698,-0.0535241701870106,0.00538140255639105,-0.010277019960749,0.0325622462672274,-0.00707404613268451,0.0103582523856752,0.00532138855560902,-0.020653226996376,-0.0437464964103872,0.0229135838842366,-0.109752895967929,-0.025513751760034,0.205177311327752,-0.0367410599520363
"Cir_ole",-0.0189299307725469,-0.00404705325365923,-0.00617052537926883,-0.0139117566765623,-0.00301062256429888,-0.0060217987042419,-0.00415920337628926,0.00146441366646946,-0.00149983110381151,-0.0124330856688105,-0.00235236189729889,0.0173577092990567,-0.00489899461411439,-0.00651451188684444,-0.0393088263391548,-0.00827432673666246,0.000351778836323833,-0.00209919663915372,-0.0140458935897163,-0.00705286948238307,-0.0424060284021602,-0.000882301374221225,-0.0319931757832617,-0.019517962989383,-0.00412672269879808,-0.0098364894166196,-0.0241713903987107,0.100163339302254,0.000116798002273744,0.000737792910285183,-0.0123215060305668,-0.0198112950206468,0.257427762667121,-0.0357767949280666,0.0111349807221633,-0.00806126937833797,0.0671589364578307,-0.0124702209547155,-0.00427035821888636,-0.0249180824687764,-0.0314707686901663,0.00402268230528725,0.0918425824746636,-0.0189427174509762,-0.032455640853295,-0.0154713528465937,-0.00570854166892962,0.0152294619119613,-0.00274606384355712,0.0328787419423815,-0.000511301537588306
"Cer_hol",0.00141615147663374,-0.0109651796814644,-0.00391726414509261,-0.0027285168688139,-0.00745643788060226,0.00405539075702923,-0.00648781084918544,-0.00746528052626579,0.000839097252890947,-0.00495244798138256,0.00292243831830734,0.00145441090016058,-0.00975138481934136,-0.00292844453628042,-0.034738879663822,3.05148085440867e-05,-0.0164667806692203,-0.018962822017993,0.00297790927031492,-0.010983149753185,-0.0171309559346249,0.0135925418358349,-0.00784927668397176,0.0219057384716213,-0.0055211039923855,0.00123050038495456,0.0123965757569182,-0.0251670378925966,-0.00851179777436891,-0.00148929528064426,-0.00269909827184752,-0.0167276660327075,0.033279288876198,-0.0015845059334512,-0.0313618583526258,0.0252575196061987,0.168947601716861,0.00753613665530153,-0.00600633409071305,-0.00258703901932577,-0.033158141312325,-0.00343463717602565,-0.00781497324570639,-0.00254875224487422,-0.00269596582658593,-0.0401456638476379,-0.0316363666314332,-6.63590746220034e-05,0.0186085820476542,-0.00429820089898233,0.0217651198835099
"Pla_med",-0.00022274010895897,0.0026640293801449,0.00189359661252724,0.00433655705419053,-0.00178456730160325,-0.00455153326768194,0.00245521488801532,-0.00196695898900734,0.00392509416491606,-0.00361298335190831,-0.0172779384247193,0.00100452904722962,0.023893331038699,0.000844788468139379,0.0105516054810142,0.000982444889238469,0.0125541661449475,0.0664226943970362,-0.0221422070414883,-0.040229446732942,-0.00644075819743383,0.00944210077082968,-0.00372765264241281,-0.0453129438835419,-0.0041545946393433,0.193243558782726,0.00678871200980743,0.00133717645613275,0.0300778722420302,0.00403469487939302,-0.00825050663771695,-0.00334282497545004,0.0187876994325023,0.0023067937028901,0.155281872855609,0.00772412657088081,-0.0484818190987437,-0.211239026721247,-0.0108215290015351,-0.000783840366235698,-0.171464119674029,0.00107818844040197,0.00371009370361401,0.125996785264556,-0.0543698995150725,-0.0647722133540269,-0.0141703937633117,-0.253571081145782,0.0135526055218137,-0.0287031887841508,0.0558398985988884
"Cre_bie",0.00831456733102167,-0.00503479192932515,0.00127980481269127,0.000699880166746389,0.0131380183934662,-0.00263298830275908,0.00770261079679574,0.0148710597465373,0.0706277458463414,-0.00621903647180665,-0.0195182324930678,0.00405067998315867,-0.0547962921005194,0.00973577278716893,7.71620136734302e-07,0.0167823502221331,0.0372172992261557,0.00744614331924866,-9.74150403993517e-05,0.0593934586239468,0.0324216465846856,0.00196046499817362,0.00425302762229402,0.0238798244273468,-0.010622935815163,0.0252639579629999,0.00975737329023755,0.00640683746955588,-0.0134690639283952,-0.00460981317060108,-0.052829525634093,0.00703000536145681,0.00681446754435489,-0.00178740322181068,-0.0604604881705929,0.0490584904274867,0.0574332022409234,0.0856983967409651,-0.159241498170981,-0.00955071442880569,-0.0726815539616605,-0.0214731367302467,0.0502353643835997,0.0754537312251979,0.128133515201159,0.00969760190071586,0.11992540649036,0.139626243312387,0.0111075983158392,0.0768770614197315,0.0802147784407626
"Urt_dio",0.0107013663172059,0.00396386197057664,0.00789544527646067,0.0234473024081734,0.0130822878773478,0.0050757882140972,0.0064739436417839,-0.0157534246887054,0.0220439140950343,0.0206711276798697,0.00840689270883734,0.00321933210729189,0.0209683417771331,0.0143022049385803,0.00849403209105899,-0.00983505745918995,0.00564527605377459,0.023272189546271,0.0182212597741816,0.0183459067308774,0.00760783151006767,-0.0271375968611677,-0.0197419353775831,0.000921833327707225,0.016972672662042,0.00824271365271716,-0.147788537086533,0.239600541698637,0.0337427365597309,0.0137082942929625,0.01390381085108,0.0410551208995079,0.0411661671933576,-0.0173044528582243,-0.00109463318076158,0.292604543552642,-0.0209775979193356,0.0138952754447896,0.0118074649302946,-0.606395266704167,0.0340489162044581,-0.000817184766373434,-0.0909374209863448,0.013216141467625,0.0234149773327501,0.00965620051980066,0.0209221879508137,-0.0052076697213321,0.033209701959624,0.0261222447722688,0.0106008661048373
"Thy_pul",0.0123861097305201,0.0138698402025893,0.0132185744264138,0.0136415307744087,0.0116207665931023,0.0205220701652007,0.0183194803685961,0.0154466147875622,0.0238362001709511,0.0103706583214012,0.0165034566177272,0.0180607143860203,0.0291872447669636,-0.0170034957211568,0.0105552036462775,0.0154695237832372,0.0115335570576019,0.00750912869263336,0.0104868177050982,0.0368578059496473,0.00928876117366351,0.0172837101581408,0.0173402728057312,0.00534402430525901,0.0106918405443114,0.0331885532985897,0.0215314792354758,0.0259922220336687,0.0484134069840528,0.013848069444163,0.00365350426826061,0.0111540634639468,0.0427540612489166,0.0107608078966285,-0.00955717970684867,0.0017854828417668,0.0278324830854608,-0.00369484209757945,0.0305995093276455,0.0169227628097732,-0.0209294520037082,0.00944717919727624,0.010610936986486,0.0341382867835194,-0.0277871900147534,0.00713807165158677,0.00366795815916993,0.307588795436236,0.00965137751634573,0.084529488403176,-0.0486390818358669
"Lol_mul",-0.000128991312297506,0.0265369006763425,0.0461619642126206,0.060224287427858,0.00642632019389666,0.0182594078054731,0.0224756213836266,0.0113051921494808,-0.0025804242996187,0.00961736898962395,0.0382322935759224,0.0270953828863472,0.0302666350757846,0.0109538036730244,0.208133868370408,0.103909181418261,-0.0107899197737662,-0.00244593355965908,0.0619150847349623,0.0337343997805022,0.0139363063470872,0.0227279273011847,0.187742305656041,0.0311249934842737,0.0193047025634124,0.060633412476095,-0.0619259941344028,-0.00304364462399931,-0.10120397173498,0.0299159705218342,-0.011467559548353,-0.117005680083394,-0.0412526453419648,0.0220842882090796,0.0715866094604227,-0.00108095724688228,-0.565580464209535,0.0934404070404017,0.0587834709149941,0.0191523596585448,0.0680062112890729,-0.0883335522717521,-0.215162133571185,0.601952980951188,0.119058720120405,0.0392948743558096,-0.0187051795413022,-0.158314950811368,0.0929074997819038,-0.020676387113883,-0.125911009157841
"Cir_arv",0.00495200951730755,0.00635494320327279,0.00186393313370864,-0.0206560625710264,-0.00143124042205135,0.00232564786060523,-0.00199965881950498,0.00161497822260438,-0.000878203571275813,0.00184435475595508,-0.0034787570863533,0.00192510750965853,-0.0012013446904424,0.00118903663988306,-0.0105337355803967,-0.0231096619650276,-0.00912511868134239,0.024629961403196,0.0169990989439488,0.00492251395644046,-0.00500911877168946,0.0765557231837128,0.0215623014435847,-0.0058756419503709,-0.00264724290875973,0.00418305273142022,0.0075733837466877,-0.10291123622029,-0.0120456919867023,-0.0184047222907432,-0.000655354007552665,0.0112431055873733,-0.0748702253345389,-0.00653996030583264,0.00236238436997905,0.057610048369571,0.0778048954018485,0.0140696833239251,-0.0180976404226753,0.0202243144222694,-0.0187093527934078,0.00887136662531903,-0.293076730319919,-0.00348756876505763,0.0169113869895939,-0.00809251817293305,0.00758553998542128,0.0126206886257639,-0.0146961018144847,0.00047230166732623,-0.00438159002528749
"Lot_cor",0.0208099163501092,0.0266594784277055,0.0213069083169848,0.0210793855648791,0.0153833316390914,0.0227149946989558,0.0213759983974282,0.0175311037143086,0.0341351631370003,0.00926594165989416,-0.00331543489332675,0.0217452731761162,0.00271127186510263,-0.0295846623851705,0.00754228066624396,0.023447223824364,0.0485502409266422,0.0181494086998293,-0.00731869138628305,0.0211494866271215,0.023281749897982,0.0288436665210036,0.0156498784135726,0.0367343470932596,-0.00523206096799275,0.0747755145356641,0.0210893601303374,0.0230107037827341,0.00592069479100089,0.0102473282655582,-0.0465619842276694,0.00295857581966379,0.0291895740629225,0.0188304624400417,-0.0112055432477941,0.00347938288121789,0.0701389892698839,0.0646713895811189,-0.0228780599188303,0.024604983324541,0.170086028113226,0.0160169073778393,0.0110786332121985,0.23410495205726,0.0629477536116562,0.013080078847987,0.0290311732254886,0.0788651309867448,-0.00998805509726651,0.0740100881773493,0.00264487776854699
"Ran_bul",-0.000733496486036809,0.00174945879031041,-0.00208832668200611,-0.0159086251392762,-0.00239798299444749,-0.00813581875221441,0.00283985215078862,-0.000298301344940024,-0.00697620911816198,-0.00974379645201413,-0.00624382629463023,-0.00168821038902909,-0.0239136331853189,-0.00146158476091296,-0.00744348257980323,0.00093425695657917,-0.0129080208471417,-0.00368566725386428,-0.0115754944466207,-0.0236649139037672,-0.00485284714474717,-0.00299062451200389,-0.00864284780799929,-0.0281649741576054,-0.00164537153399366,-0.0101013554233032,-0.00493153356787673,-0.00671607313465415,-0.012984998437803,0.0665202147893149,-0.00287688081303701,0.00376161304620949,0.00897397900487973,-0.00245611071082575,-0.0322651041812511,0.00140410925159769,-0.00718806267503669,0.0391180113879777,-0.0212348187143341,-0.00357828536243887,-0.0933315053624925,-0.00757293886674454,-0.0137363911694951,-0.00507766512891229,0.00328302370050002,0.0333655526232368,-0.0201284225699804,-0.00361627676533116,-0.0195920920689485,0.0779328643909109,0.00887430635103958
"Tri_dub",0.00278475078951314,-0.00698216853092096,0.00136679050294195,-0.00442080311799845,-0.000821871695606228,-0.000365923651433381,0.00225311715669265,-0.00311015831232694,0.00964900218527395,0.00672846822815463,-0.0283816272482302,0.00899971231924157,-0.00942601535107418,0.0210693731723681,-0.00451487674364066,-0.00919784507783086,0.0103782030637812,-0.00949821814723328,-0.00430117764918353,0.0124390522501945,-0.0177245571458182,0.022363541924325,-0.00631416477279743,0.00381345877545547,0.00821525224106044,-0.0296957288820367,-0.00553871488320559,0.00987540007891993,-0.0421226508382441,0.00260072913217231,0.0338690823341324,-0.0128899236360748,-0.00486809892281837,0.00285515184267171,-0.0442806362088044,-0.0131262972679776,0.0562201918052692,-0.0474925354957101,-0.0360939015807925,0.00165701137368011,-0.00922008582602669,0.00654450254152521,-0.0135702998187927,0.127613772322677,-0.0157188193981338,-0.137403098338056,-0.0119255036763263,0.00912988794499293,-0.00578262101960263,-0.00637944243227133,-0.031727401078238
"Med_lup",-0.0063777434499962,-0.00937121160601449,0.000101817881255181,0.00598801503728241,-0.00109969871259104,-0.0091355735197463,-0.00341753156242455,-0.00246692719269591,0.00032249238258293,0.0044008818474014,-0.0105325498932889,-0.00507869919435975,-0.0178752160326514,-0.0124642743674399,0.00125236700408778,-0.00438078139463443,0.0253589460224242,-0.0438268216334499,0.00392504380165139,-0.0093286333981096,0.0168789019553414,-0.01791222880885,0.00330609835201444,-0.00744595860411809,-0.00651359068686579,-0.016815484054315,-0.00434916099090027,0.00055185032971996,-0.0192479210633794,-0.0466252064617125,-0.0397609437444579,0.00130210433677066,0.00501702556410882,-0.00550423688087953,0.0198622102022462,0.00894902611405904,0.0263894074128454,0.177771544622254,-0.0367357626459797,-0.000300451883904647,0.0125772130157801,-0.00747533768684458,-0.00320492324396728,-0.0642694508283845,0.483581676420813,-0.0266684802482319,-0.201809258297375,0.0138384889961956,0.0109539007263402,-0.0881594913345454,0.0188683935121516
"Leo_his",0.0307785649418372,0.0249609531080636,0.0259576839467248,0.0267539411463354,0.0198348295787792,0.0232845290238409,0.0182950276097254,0.0236194611863865,0.0238400962935104,0.0285717880599283,0.0213125222463585,0.0261841084386748,0.0327140520109522,0.0330803934262946,0.0271029129338863,0.0325795648514794,0.0472353668609365,0.194138876996128,0.0852489054134336,-0.0582412583079901,0.0228072125659684,0.0370343591609419,0.0129640983896028,-0.0284396940633145,-0.0089543495552808,0.185144286308563,0.0250574498747701,0.0283724408876187,0.104872474338155,0.0350716038228563,-0.0718724611286877,0.0244195445589723,0.0635370552478997,0.0134769678216636,-0.121745348696104,0.0346827664743774,0.070075112502715,0.120334835951608,0.0405453886702449,0.0249598678076808,0.193430598104026,0.0352181012562995,-0.00586323142365825,-0.272390124464608,0.0700306730834585,-0.20895164787951,-0.0646014051117022,-0.258452436379944,0.0273400518024955,0.081516131579392,0.0575037903145323
"Car_car",0.0136076856483455,0.00304807502971799,0.00362279211016957,-0.00101686532932839,0.00771558316819868,0.0157726247819454,-0.00436513958172361,0.0037716749157298,-0.00210746171006621,0.00649241462666626,0.0105269321799981,0.00151802491125851,0.016661763430879,0.00170452680543097,0.00618316339165983,0.000458199832939537,0.0344554064210676,-0.0447592572578823,0.0271946908134018,0.00210554352925309,0.00388673432413975,-0.00838606452105261,0.014489228207305,0.0412168980972088,-0.00516588122525137,-0.00563629993792128,-0.00569134062935616,-0.000538943651025953,-0.00291055927650739,-0.0100924454797998,-0.0127900589545137,-0.00824372820688192,0.00449462821110743,-0.0112664952953457,-0.0227725207530264,-0.0123802367187197,0.316892925315465,0.0648568081743664,0.0220506700438259,0.000756693697344586,0.0376221928108562,0.0481152856224331,0.0225042939681413,0.0348043410111307,0.0390865023157418,-0.026124167808932,0.0272905982653158,-0.0210108410829697,-0.216758509712494,-0.0188613303078279,0.018903556302607
"Vic_sep",-0.00148604405347169,-0.0010456424935688,0.00182286028272795,0.000792976453331146,-0.00133141134082495,0.00337821238282774,0.0012985055352557,0.0053715762833807,-0.00806276854006099,0.000410249620431319,-0.000898389023997072,0.000846166341614016,-0.00708307997379352,0.00524910018963162,0.00486059637745015,0.00136282663678948,0.0229587783131691,0.0372589345598569,-4.54820268198554e-05,-0.0212253278851859,0.0134160181572919,0.00297421038463139,0.00850415620052402,-0.0204062333204615,0.00942648044564814,0.0162378843098439,0.0015023790066327,0.00142899344049567,-0.00280962181533215,0.0258908163845534,0.000253737499160219,0.00791484876438032,-0.0356233091045436,0.00630251904170687,-0.00846388826777017,0.00757707330897474,0.00516064603119047,-0.017388263230604,-0.0129990650329472,0.00210146886175063,0.00386572712130557,-0.00374520629486425,-0.00859990977675219,0.00178399925287156,-0.0696002299931716,-0.0149080671427364,-0.00333381599227822,-0.0330236973965256,-0.0194805552041188,-0.0482332161676786,0.0126550758753816
"Pru_sp",0.00105443571684034,-0.00074457097314131,-2.8599929072079e-05,-0.00212777009249098,-0.00117156596197131,0.00155333700640497,-0.00229829943491699,0.000141346576863415,0.00826443864156657,-0.00317487441137509,-0.0100902630439583,0.00209511317542024,0.00332441521160103,0.0105888232576594,-0.00318019421628497,0.00338702680768492,0.00285310809615205,0.00879745236856648,0.0205085920310002,0.0024099141738484,-0.00316275880495773,-0.000744088515835756,0.00101042969251073,-0.00598741979856033,-0.0094377846881,0.0123749201534521,0.000151970030198813,0.00145199470675455,-0.00231405163792413,-0.00834197948388133,-0.0698671169526817,-0.0131250640692719,0.0219847836540494,-0.00469642117563219,-0.014897572423982,-0.0049218068505475,0.0215394701426691,-0.00415738576267025,0.00193741771658042,-0.0016911956491984,0.0146442789363886,-0.000711203928997431,0.0208731579754778,-0.0358824680665428,0.0146227898707117,0.0163353008491387,0.00508243461493189,0.160818755457327,-0.0156152711669673,0.0471265984214396,-0.106377067908271
