"","PlotID","Useful_EP_PlotID","Poa_tri","Poa_pra","Alo_pra","Dac_glo","Tri_rep","Tar_off","Lol_per","Arr_ela","Fes_rub","Fes_pra","Tri_fla","Ely_rep","Tri_pra","Bro_ere","Ran_rep","Bro_hor","Ran_acr","Pla_lan","Ach_mil","Gal_mol","Her_sph","Ant_syl","Hol_lan","Hel_pub","Ant_odo","Bra_pin","Car_hir","Rum_ace","Fes_ovi","Phl_pra","Des_ces","Agr_sto","Cyn_cri","Cir_ole","Cer_hol","Pla_med","Cre_bie","Urt_dio","Thy_pul","Lol_mul","Cir_arv","Lot_cor","Ran_bul","Tri_dub","Med_lup","Leo_his","Car_car","Vic_sep","Pru_sp"
"1","A19557","AEG01",1,1,1,1,1,1,1,1,0,1,1,0,1,0,1,1,1,1,0,1,1,1,1,1,0,0,0,1,1,0,0,0,0,0,1,0,1,0,0,0,0,0,1,0,1,0,1,1,0
"2","A39275","AEG02",1,1,0,1,1,1,1,1,0,1,1,0,1,0,0,1,1,1,1,1,0,1,0,0,0,0,0,0,1,0,0,0,0,0,1,0,0,0,0,0,0,0,1,0,0,0,1,0,0
"3","A48112","AEG03",1,1,0,1,1,1,1,0,1,1,1,0,1,0,0,0,1,1,1,1,1,1,0,1,1,0,0,1,1,0,0,0,1,0,1,1,1,0,0,0,0,0,0,0,0,0,1,1,1
"4","A31160","AEG04",1,1,1,1,1,1,1,1,0,1,1,0,1,0,1,1,1,0,0,1,1,1,0,0,0,0,0,0,1,0,0,0,0,0,1,0,0,0,0,0,0,0,0,1,0,0,0,1,0
"5","A34237","AEG05",1,1,1,1,1,1,1,1,1,0,1,0,1,0,1,0,1,0,0,1,1,1,0,0,0,0,0,1,1,0,0,0,0,0,1,1,1,0,0,0,0,0,0,1,0,0,0,1,0
"6","A34651","AEG06",1,1,1,1,1,1,1,1,1,1,1,0,1,0,1,1,1,1,0,1,1,1,1,0,0,0,0,1,1,0,0,0,1,0,1,0,1,0,0,0,0,0,1,1,0,0,1,1,0
"7","A24854","AEG07",0,1,0,0,1,1,0,0,1,0,0,0,1,1,0,0,0,1,1,0,0,0,0,0,0,1,0,1,0,1,0,0,0,0,1,1,0,0,1,0,1,1,1,1,1,1,1,0,1
"8","A42131","AEG08",1,1,0,1,1,1,1,1,1,1,1,0,1,1,1,0,0,1,1,1,0,1,0,1,1,1,0,1,1,1,0,0,1,0,1,1,0,0,1,0,0,1,1,0,1,0,0,1,1
"9","A43687","AEG09",0,1,0,0,1,1,0,0,1,0,0,0,1,1,0,0,0,1,1,0,0,0,0,1,1,1,0,0,0,1,0,0,1,0,0,1,0,0,1,0,0,1,1,1,1,1,1,0,1
"10","A2277","AEG10",1,1,0,1,1,1,1,1,1,1,1,0,1,1,0,1,1,1,0,1,1,1,0,1,1,0,0,1,1,1,0,0,1,0,1,1,0,0,0,0,0,1,1,1,1,0,0,1,0
"11","A20470","AEG11",1,1,1,1,1,1,1,1,1,1,1,0,1,0,0,0,1,1,0,1,1,1,1,1,1,0,0,1,1,0,0,0,1,0,1,1,1,0,0,0,0,0,0,0,0,1,0,1,1
"12","A20771","AEG12",1,1,1,1,1,1,1,1,0,1,1,0,1,0,0,1,1,1,1,1,1,1,1,1,0,0,0,0,1,0,0,0,0,0,1,0,1,0,0,0,0,0,0,1,1,0,1,1,0
"13","A22610","AEG13",1,1,1,1,1,1,1,1,1,0,1,0,1,0,0,1,1,1,0,1,1,1,0,0,0,0,0,1,1,0,0,0,0,0,1,0,1,0,0,0,0,0,0,0,0,0,0,1,0
"14","A46088","AEG14",1,1,1,1,1,1,1,1,0,1,1,0,1,0,0,1,1,1,1,1,1,1,0,0,0,0,0,1,1,0,0,0,0,0,1,1,0,0,0,0,0,0,1,0,0,0,1,1,1
"15","A35767","AEG15",1,1,1,1,1,1,1,1,1,0,1,0,1,0,1,0,1,1,0,1,1,1,0,0,0,0,0,1,1,0,0,0,1,0,1,1,0,1,0,1,0,0,0,0,0,0,0,1,1
"16","A36692","AEG16",1,1,1,1,1,1,1,1,1,1,1,0,1,0,0,1,1,1,1,1,1,1,0,0,1,0,0,1,1,0,0,0,0,0,1,1,1,0,0,0,0,0,1,0,0,0,1,1,0
"17","A46114","AEG17",1,1,1,1,1,1,1,1,1,1,1,0,1,0,0,0,1,1,1,1,1,1,0,1,1,0,0,1,1,0,0,0,1,0,1,1,1,0,0,0,0,1,1,0,1,0,1,1,1
"18","A46500","AEG18",1,1,1,1,1,1,1,1,0,1,1,0,1,0,0,1,1,1,1,1,1,1,0,1,0,0,0,1,1,0,0,0,1,0,1,1,0,0,0,0,0,0,1,0,0,0,1,1,0
"19","A35463","AEG19",1,1,1,1,1,1,1,1,1,1,1,0,1,0,1,1,1,0,1,1,1,1,0,0,0,0,0,1,1,0,0,0,1,0,1,0,0,0,0,0,0,0,0,0,0,0,0,1,0
"20","A21699","AEG20",1,1,0,1,1,1,1,1,1,1,1,0,1,0,1,0,1,0,0,1,0,0,1,0,1,0,0,1,1,0,0,0,0,0,1,0,0,1,0,0,1,0,0,0,0,0,0,1,0
"21","A21850","AEG21",1,1,1,1,1,1,1,0,1,1,1,1,1,0,1,0,1,1,1,1,1,1,0,0,0,0,0,1,1,0,0,0,1,0,1,1,0,0,0,0,0,0,1,0,0,0,1,1,0
"22","A45310","AEG22",1,1,0,1,1,1,0,1,1,1,1,0,1,1,0,0,1,1,1,1,0,0,0,1,1,0,0,1,1,0,0,0,1,0,1,1,1,0,1,0,0,1,1,1,1,0,0,1,1
"23","A45122","AEG23",1,1,1,1,1,1,1,0,1,1,1,0,1,0,0,1,1,1,1,1,1,1,0,0,1,0,0,0,1,0,1,0,1,0,1,1,0,0,0,0,0,0,0,0,0,0,1,1,1
"24","A42306","AEG24",1,1,1,1,1,1,1,0,0,0,1,0,1,0,1,1,1,1,1,1,1,1,0,0,0,0,0,1,1,0,0,0,0,0,1,1,0,0,0,0,0,0,0,0,0,0,1,1,0
"25","A7116","AEG25",0,1,0,1,1,1,0,1,1,0,1,0,1,1,0,0,1,1,1,0,0,0,1,1,1,1,0,1,0,1,0,0,1,0,1,1,0,0,1,0,0,1,1,1,1,1,0,0,1
"26","A28932","AEG26",0,1,0,0,1,1,0,0,0,0,0,0,1,1,0,0,0,1,0,0,0,0,0,1,1,1,0,0,0,1,0,0,1,0,0,1,0,0,1,0,1,1,1,1,1,1,0,0,1
"27","A40320","AEG27",0,1,0,0,1,1,0,0,1,0,0,0,1,1,0,0,0,1,1,0,0,0,0,1,1,1,0,0,0,1,0,0,1,0,0,1,0,0,1,0,0,1,1,0,0,1,0,0,1
"28","A42175","AEG28",1,1,0,1,1,1,1,0,1,1,1,0,1,1,0,1,1,1,1,1,0,0,1,1,1,1,0,1,0,1,0,0,1,0,1,1,0,0,1,0,1,1,1,1,1,1,0,0,1
"29","A22026","AEG29",1,1,0,1,1,1,1,1,1,1,1,0,1,1,1,0,1,1,1,1,1,1,1,1,1,0,0,1,1,0,0,0,1,0,1,1,1,0,0,0,0,1,1,0,0,0,1,1,1
"30","A36956","AEG30",1,1,1,1,1,1,1,1,1,1,1,0,1,1,0,0,1,1,0,1,1,1,1,1,1,0,0,1,1,0,0,0,1,0,1,1,1,0,0,0,0,1,1,1,1,0,0,1,0
"31","A37367","AEG31",1,1,1,1,1,1,0,1,1,1,1,0,1,1,0,0,1,1,1,1,1,1,1,1,1,0,0,1,1,0,0,0,1,0,1,1,1,0,0,0,0,1,1,1,1,0,1,1,0
"32","A41172","AEG32",1,1,0,1,1,1,1,0,1,1,1,0,1,0,1,0,1,1,1,1,0,1,1,1,1,0,1,1,1,1,1,1,1,0,1,0,0,0,0,0,1,1,1,1,0,0,0,1,0
"33","A41959","AEG33",1,1,0,1,1,1,1,0,1,1,1,0,1,0,1,1,1,1,1,0,0,1,0,1,1,0,0,1,0,1,0,0,1,0,1,1,1,0,1,0,0,1,1,1,1,1,1,1,1
"34","A43366","AEG34",1,1,0,1,1,1,1,1,1,1,1,0,1,0,0,1,1,1,1,1,0,1,1,1,1,0,0,1,1,0,0,0,1,0,1,1,0,0,1,0,0,0,1,1,1,0,1,1,1
"35","A11495","AEG35",1,1,1,1,1,1,1,1,1,1,1,0,1,0,0,1,1,1,0,1,0,1,1,1,1,0,0,1,1,0,0,0,1,0,1,0,0,0,0,0,0,0,0,1,1,0,0,1,0
"36","A13124","AEG36",1,1,1,1,1,1,1,1,1,1,1,0,1,0,0,1,1,1,0,1,0,1,1,1,1,0,0,1,1,0,0,0,1,0,1,0,0,0,0,0,0,0,0,1,0,0,0,1,0
"37","A30361","AEG37",1,1,1,1,1,1,1,0,0,0,1,0,1,0,1,1,1,1,0,1,1,1,0,0,0,0,0,1,1,0,0,0,0,0,1,0,1,0,0,0,0,0,1,1,0,0,1,1,0
"38","A32042","AEG38",1,1,1,1,1,1,1,1,1,1,1,0,1,0,0,1,1,1,0,1,1,0,1,1,1,0,0,1,1,0,0,0,1,0,1,1,1,0,0,0,0,0,0,1,0,0,0,1,0
"39","A32195","AEG39",1,1,1,1,1,1,1,1,0,1,1,0,1,0,0,1,1,1,0,1,1,1,0,0,0,0,0,0,1,0,0,0,0,0,1,0,0,0,0,0,0,0,0,0,0,0,0,1,0
"40","A53417","AEG40",1,1,0,1,1,1,1,1,1,1,1,0,1,0,0,0,1,1,1,1,1,1,0,1,0,0,0,1,1,0,0,0,1,0,1,1,0,0,0,0,0,1,1,0,1,0,1,1,1
"41","A28088","AEG41",1,1,1,1,1,1,1,1,1,1,1,0,1,0,0,1,1,1,0,1,1,1,0,1,1,0,0,1,1,0,0,0,1,0,1,0,1,0,0,0,0,0,1,0,0,0,1,1,1
"42","A24657","AEG42",1,1,1,1,1,1,1,1,1,1,1,0,1,0,1,0,1,1,0,1,1,1,0,1,0,0,0,1,1,0,0,0,0,0,1,1,0,0,0,0,0,0,0,0,0,0,1,1,0
"43","A49542","AEG43",1,1,1,1,1,1,1,0,1,1,1,0,1,0,1,0,1,1,1,1,1,1,0,0,0,0,0,1,1,0,0,0,0,0,1,0,0,1,0,0,0,0,0,0,0,0,0,1,0
"44","A33605","AEG44",1,1,1,1,1,1,1,1,1,1,1,0,1,0,0,1,1,1,0,1,1,1,0,1,1,0,0,1,1,0,0,0,0,0,1,0,0,0,0,0,0,0,1,0,1,0,1,1,0
"45","A37099","AEG45",1,1,1,1,1,1,1,0,0,1,1,0,1,0,1,1,1,0,1,1,1,1,0,0,0,0,0,1,1,0,0,0,0,0,1,0,1,1,0,0,0,0,0,0,0,0,1,1,0
"46","A33626","AEG46",1,1,1,1,1,1,1,1,1,1,1,0,1,0,1,1,1,0,0,1,0,1,0,0,0,0,0,1,1,0,0,0,1,0,1,0,1,1,0,0,1,0,0,0,0,0,1,1,0
"47","A35283","AEG47",0,1,0,0,1,1,0,0,0,0,0,0,1,1,0,0,0,1,1,1,0,0,0,1,0,1,0,0,0,1,0,0,0,0,1,1,0,0,1,0,0,1,1,0,1,1,0,0,1
"48","A43134","AEG48",0,0,0,0,1,1,0,0,1,0,0,0,1,1,0,0,0,1,0,0,0,0,0,0,0,1,0,0,0,1,0,0,0,0,0,1,0,0,1,0,0,1,1,0,1,1,0,0,1
"49","A43953","AEG49",1,1,0,1,1,1,1,0,1,1,1,0,1,0,0,1,1,1,1,1,0,0,1,1,1,0,0,1,0,1,0,0,1,0,1,1,1,0,1,0,0,1,1,1,0,1,0,0,1
"50","A38525","AEG50",1,1,1,1,1,1,1,0,1,1,1,0,1,0,0,1,1,1,1,1,1,1,0,0,0,0,0,1,1,0,0,0,1,0,1,1,1,0,0,0,0,0,0,0,0,0,1,1,1
"51","H4580","HEG01",1,1,1,1,1,1,1,0,0,1,0,1,0,0,0,1,0,1,0,0,0,0,0,0,0,0,0,0,0,0,0,1,0,0,1,0,1,0,0,0,1,0,0,0,0,0,0,0,0
"52","H8302","HEG02",1,1,0,1,1,1,1,1,1,1,0,0,0,0,1,0,0,1,1,0,0,0,0,0,0,0,0,0,0,0,1,1,0,0,1,0,1,0,0,1,1,0,0,0,0,0,0,0,1
"53","H8709","HEG03",1,1,1,1,1,1,1,1,1,1,1,1,1,0,1,1,0,1,0,1,0,0,0,0,0,0,0,1,0,0,1,1,0,0,1,1,1,0,0,1,1,0,0,0,0,0,1,0,0
"54","H20510","HEG04",1,1,1,1,1,1,1,1,1,1,0,1,0,0,1,1,1,1,0,1,1,0,0,0,0,0,0,0,1,0,0,0,0,0,1,0,1,0,0,1,0,0,0,0,0,0,0,0,0
"55","H20816","HEG05",1,1,0,1,1,1,1,0,1,1,0,1,1,0,1,0,0,1,1,0,1,0,0,0,0,0,0,1,0,0,0,0,0,0,1,0,1,0,0,0,0,0,0,0,0,1,1,0,1
"56","H30409","HEG06",1,1,1,1,1,1,1,1,0,1,1,1,1,0,1,1,0,1,1,1,1,0,1,0,0,0,0,0,0,0,0,0,0,0,1,0,1,0,0,1,1,1,1,1,1,0,0,0,0
"57","H12850","HEG07",1,1,1,1,1,1,1,1,1,1,1,1,1,0,1,1,0,1,0,0,0,1,0,0,0,0,0,0,0,0,0,1,0,0,1,0,1,0,0,1,0,1,1,0,1,0,0,1,0
"58","H14707","HEG08",1,1,1,1,1,1,1,1,1,1,1,1,1,0,1,1,1,1,1,1,0,1,0,0,0,0,0,1,0,0,0,0,0,0,1,1,1,1,0,1,1,0,1,1,1,0,0,1,0
"59","H30212","HEG09",1,1,1,1,1,1,0,1,1,1,1,1,1,0,1,1,1,1,1,1,0,1,1,1,1,1,0,1,1,1,1,0,1,0,1,1,1,0,1,0,1,1,1,1,1,1,1,0,1
"60","H22151","HEG10",1,1,1,1,1,1,0,1,1,1,1,1,1,0,1,1,0,1,1,1,0,1,0,0,0,0,0,1,0,0,0,1,0,0,1,1,1,0,0,1,0,1,0,1,1,0,0,0,1
"61","H24761","HEG11",1,1,1,1,1,1,1,1,1,1,1,1,1,1,0,1,0,1,1,1,0,0,0,0,0,0,0,1,0,1,0,0,0,0,0,1,1,0,0,1,0,1,1,1,1,0,0,1,0
"62","H20116","HEG12",1,1,1,1,1,1,1,1,1,1,1,0,1,0,1,1,1,0,1,0,0,0,0,0,0,0,0,1,0,0,0,0,0,0,1,0,0,0,0,0,1,0,1,0,0,0,1,0,1
"63","H4651","HEG13",1,1,0,1,1,1,1,0,0,1,0,1,1,0,1,0,0,1,1,1,0,0,0,0,0,0,0,1,0,0,0,1,0,0,1,0,1,0,0,1,1,0,1,0,1,0,0,0,0
"64","H19568","HEG14",1,1,1,1,1,1,1,1,1,1,1,1,1,1,0,1,0,1,1,1,1,1,0,0,0,0,0,1,0,0,0,0,0,0,1,0,1,0,0,1,1,0,1,1,1,1,0,1,1
"65","H16781","HEG15",1,1,1,1,1,1,1,1,1,1,1,1,1,0,0,1,1,1,1,1,1,1,0,1,0,0,0,1,0,0,0,0,0,0,1,0,1,0,0,1,0,0,1,0,1,0,0,0,0
"66","H12643","HEG16",1,1,1,1,1,1,1,1,0,1,1,1,1,0,1,1,1,1,1,0,0,1,0,1,0,0,0,0,0,0,0,1,1,0,1,1,1,0,0,1,1,0,0,0,0,0,1,1,1
"67","H14529","HEG17",1,1,1,1,1,1,1,1,1,1,1,1,1,0,0,1,1,1,1,1,0,0,1,1,1,0,0,1,1,1,1,1,1,0,1,0,1,0,0,0,1,1,1,1,1,1,1,1,1
"68","H16581","HEG18",0,1,0,1,1,1,0,1,1,1,1,0,1,1,1,0,1,1,1,1,0,0,0,1,0,1,0,1,0,1,0,0,1,0,1,1,0,0,1,0,0,1,1,0,1,1,1,1,1
"69","H20606","HEG19",1,1,1,1,1,1,0,1,1,1,1,1,1,0,1,1,1,1,1,1,0,1,1,1,1,0,0,1,1,0,1,1,1,0,1,0,0,0,0,0,0,1,1,0,0,0,1,1,0
"70","H30205","HEG20",1,1,0,1,1,1,0,1,1,1,1,1,1,0,1,0,1,1,1,1,0,1,1,1,1,1,0,1,1,1,1,0,1,0,1,1,1,0,0,0,0,1,1,0,1,1,1,0,1
"71","H30909","HEG21",1,1,0,1,1,1,0,1,1,1,1,1,1,0,1,1,0,1,1,1,0,1,0,0,0,0,0,1,0,1,0,0,0,0,0,1,1,0,0,0,1,1,1,1,1,1,0,1,1
"72","H37447","HEG22",1,1,1,1,1,1,1,0,0,1,0,1,1,0,1,1,0,1,1,1,1,1,0,0,0,0,0,1,0,0,0,0,0,0,1,0,1,0,0,0,1,0,0,1,1,0,1,0,0
"73","H20426","HEG23",1,1,1,1,1,1,1,1,1,1,1,0,1,0,1,1,1,1,1,1,0,0,1,0,0,1,0,1,0,1,0,0,0,0,1,1,1,0,0,0,1,1,1,0,1,1,0,0,1
"74","H20438","HEG24",1,1,1,1,1,1,1,1,0,1,1,1,1,0,1,0,0,1,1,1,1,1,1,0,0,0,0,1,0,0,0,1,0,0,1,1,1,0,1,1,0,0,0,0,0,0,1,1,1
"75","H37029","HEG25",1,1,1,1,1,1,0,1,1,1,1,1,1,0,0,0,1,1,1,1,0,1,1,1,0,0,0,1,0,1,0,0,0,0,1,0,1,0,0,0,1,1,1,1,1,0,1,1,1
"76","H2815","HEG26",1,1,1,1,0,1,1,1,1,1,1,1,0,0,0,1,1,1,1,1,1,1,0,0,0,0,0,1,0,0,0,0,0,0,1,0,1,0,0,1,1,0,1,0,1,0,0,0,0
"77","H20121","HEG27",1,1,1,1,1,1,1,1,1,1,1,1,1,1,0,1,0,1,1,1,1,0,0,1,0,0,0,1,0,0,0,0,0,0,1,0,1,0,0,0,0,0,1,1,1,1,0,1,0
"78","H20535","HEG28",1,1,1,1,1,1,1,1,1,1,0,1,1,0,0,1,0,1,1,1,1,0,1,0,0,0,0,1,0,0,1,1,0,0,1,0,1,0,0,1,0,1,1,0,1,1,1,0,1
"79","H20537","HEG29",1,1,1,1,1,1,1,1,1,1,0,1,1,0,0,1,0,1,1,1,0,0,1,0,0,0,0,1,0,1,0,1,0,0,1,0,1,0,0,0,0,1,1,0,1,1,1,1,1
"80","H20825","HEG30",1,1,0,1,1,1,1,1,1,1,1,1,1,0,0,1,0,1,1,1,1,0,1,0,0,1,0,1,0,0,0,1,0,0,1,0,1,0,0,1,0,1,0,0,1,0,1,0,1
"81","H20003","HEG31",1,1,0,1,1,1,1,1,1,1,1,1,1,0,1,0,1,1,1,1,1,1,0,0,0,0,0,1,0,1,0,1,0,0,1,0,1,0,0,0,0,1,0,1,1,0,1,1,0
"82","H20106","HEG32",1,1,1,1,1,1,0,1,0,1,0,0,1,0,0,1,0,1,1,1,1,1,0,0,0,0,0,1,0,0,0,0,0,0,1,0,1,0,0,0,0,0,0,0,1,0,0,0,0
"83","H20508","HEG33",1,1,1,1,1,1,1,1,1,1,1,1,1,0,1,1,1,1,0,1,0,1,0,0,0,0,0,0,1,0,0,0,0,0,1,0,1,0,0,1,0,0,0,0,0,0,0,0,0
"84","H30402","HEG34",1,1,1,1,1,1,1,1,0,1,0,1,1,0,1,1,0,1,0,0,0,0,1,0,0,0,0,1,0,0,0,0,0,0,1,1,1,0,0,1,1,1,0,0,0,0,0,0,0
"85","H30417","HEG35",1,1,1,1,1,1,1,0,0,1,0,1,1,0,1,1,0,1,1,0,0,1,0,0,0,0,0,1,0,0,0,1,0,0,1,0,1,0,0,1,0,1,0,0,0,0,1,0,0
"86","H20241","HEG36",1,1,1,1,1,1,1,1,1,1,1,1,1,0,1,1,0,1,1,1,0,1,0,0,0,0,0,1,1,1,0,1,0,0,1,1,1,0,0,1,0,1,1,0,1,0,1,0,0
"87","H20245","HEG37",1,1,1,1,1,1,1,1,0,1,1,1,1,0,0,1,0,1,1,1,1,1,0,0,0,0,0,1,0,0,0,0,0,0,1,0,1,0,0,1,1,0,1,0,0,0,1,0,0
"88","H20433","HEG38",1,1,0,1,1,1,1,1,0,1,1,1,1,0,0,1,1,1,1,1,1,1,1,0,0,1,0,1,0,0,0,1,0,0,1,1,1,0,0,1,0,0,1,0,1,1,0,1,1
"89","H20436","HEG39",1,1,1,1,1,1,1,0,0,1,0,1,1,0,1,0,1,1,1,1,1,1,0,0,0,0,0,1,1,0,0,1,0,1,1,0,1,1,0,0,1,0,0,0,0,0,0,0,1
"90","H30615","HEG40",1,1,1,1,1,1,1,1,0,1,1,1,1,0,1,1,1,1,1,0,0,1,0,0,0,0,0,0,0,0,0,0,0,0,1,0,1,0,0,1,1,0,0,0,0,0,0,1,0
"91","H888","HEG41",0,1,1,1,1,1,0,1,1,1,1,0,1,1,1,1,0,1,1,1,0,0,1,1,1,1,0,1,0,1,1,0,1,0,1,1,1,0,1,0,1,1,1,1,1,1,1,1,1
"92","H13708","HEG42",0,1,1,1,1,1,1,1,1,1,1,1,1,0,1,0,1,1,1,1,0,1,1,1,1,1,0,1,0,1,1,1,1,1,1,1,1,0,0,0,0,1,1,1,1,1,1,1,1
"93","H19577","HEG43",0,1,1,1,1,1,0,1,1,1,1,1,1,1,0,1,0,1,1,1,1,1,0,1,0,1,0,1,0,1,0,0,1,0,1,1,1,0,1,0,1,1,1,0,1,1,1,1,1
"94","H20215","HEG44",0,1,1,1,1,1,0,1,1,1,1,1,1,1,0,1,0,1,1,1,0,0,0,1,1,0,0,1,0,1,1,0,1,0,1,1,1,0,0,0,0,1,1,1,1,1,1,1,0
"95","H20258","HEG45",1,1,0,1,1,1,1,1,1,1,1,1,1,1,1,1,0,1,1,1,1,1,0,1,1,0,0,1,0,1,0,0,1,0,0,1,1,0,0,0,0,1,1,1,1,1,1,1,1
"96","H30915","HEG46",0,1,0,1,1,1,0,1,1,1,1,1,1,0,0,1,0,1,1,1,0,1,0,0,0,1,0,1,0,1,0,0,0,0,1,1,1,0,0,0,1,1,1,1,1,1,0,0,1
"97","H2818","HEG47",1,1,1,1,1,1,1,1,0,1,1,1,1,0,1,1,1,1,1,1,1,1,0,0,0,0,0,0,1,0,0,0,0,0,1,0,1,0,0,1,1,0,1,1,1,0,0,0,0
"98","H5053","HEG48",1,1,1,1,1,1,1,1,1,1,1,1,1,0,0,1,1,1,0,0,0,1,0,0,0,0,0,1,0,0,0,0,0,0,1,0,1,0,0,1,0,0,1,1,0,1,0,0,1
"99","H8020","HEG49",1,1,1,1,1,1,1,1,1,1,1,1,1,0,1,1,1,1,0,1,1,1,0,0,0,0,0,1,1,0,0,0,0,0,1,0,1,0,0,0,0,0,1,0,0,0,0,0,0
"100","H15457","HEG50",1,1,1,1,1,1,1,1,1,1,1,1,1,1,0,1,0,1,0,1,0,1,1,0,0,0,0,1,0,1,1,0,0,0,1,0,1,0,0,0,1,1,1,1,1,1,0,1,0
"101","S1029","SEG01",1,1,0,1,1,1,1,1,1,1,0,0,1,0,1,0,0,0,0,0,1,0,1,0,0,0,1,0,0,0,1,1,0,1,1,0,0,1,0,1,1,0,0,0,0,0,0,0,0
"102","S573","SEG02",1,1,0,1,1,1,1,0,1,1,0,1,0,0,1,0,0,0,1,0,1,0,1,0,0,0,0,0,0,0,1,1,0,1,1,0,0,1,0,0,1,0,0,0,0,0,0,0,0
"103","S526","SEG03",1,1,1,1,1,1,1,0,0,1,0,1,1,0,1,0,1,0,0,0,1,0,0,0,0,0,1,0,0,0,1,1,0,1,1,0,0,0,0,0,1,0,0,0,0,0,0,0,0
"104","S712","SEG04",1,1,1,1,0,1,0,1,0,1,0,1,0,0,1,0,1,0,0,1,1,1,1,0,0,0,0,0,0,0,0,1,0,1,1,0,0,1,0,0,1,0,0,0,0,0,0,0,0
"105","S667","SEG05",1,1,0,1,0,1,0,1,0,1,0,1,0,0,1,0,0,0,0,0,1,1,1,0,0,0,1,0,0,0,0,0,0,1,1,0,0,1,0,0,1,0,0,0,0,0,0,0,0
"106","S1012","SEG06",1,1,1,1,1,1,0,0,0,0,0,1,0,0,1,0,0,1,0,0,0,0,0,0,0,0,1,0,1,0,0,1,0,0,1,0,0,0,0,1,0,0,0,0,0,0,0,0,0
"107","S570","SEG07",1,1,1,1,0,1,1,0,0,1,0,1,0,0,1,1,0,0,0,0,1,1,0,0,0,0,0,0,0,0,0,0,0,0,0,0,0,1,0,1,1,0,0,0,0,0,0,0,0
"108","S652","SEG08",1,1,1,1,1,1,1,1,0,1,0,1,1,0,1,1,0,0,0,0,1,1,1,0,0,0,1,1,0,0,1,0,0,0,1,1,0,1,0,1,1,0,0,0,1,0,0,0,0
"109","S990","SEG09",1,1,0,1,1,1,1,0,0,1,0,1,0,0,1,0,1,1,0,0,1,0,1,0,0,0,1,0,0,0,0,1,0,0,1,0,0,0,0,0,0,0,0,0,0,0,0,0,0
"110","S502","SEG10",1,1,0,0,0,1,0,0,1,0,0,1,0,0,1,0,0,0,0,0,1,0,1,0,0,0,1,0,0,0,1,1,0,1,1,0,0,1,0,0,1,0,0,0,0,0,0,0,0
"111","S505","SEG11",1,1,1,1,1,1,0,1,0,1,0,1,0,0,1,0,0,0,0,0,1,0,1,0,0,0,1,0,1,0,1,1,0,1,1,0,0,1,0,0,1,0,0,0,0,0,0,0,0
"112","S561","SEG12",1,1,1,1,1,1,1,0,0,1,0,1,0,0,1,0,0,0,0,0,1,0,1,0,0,0,1,0,0,0,1,1,0,1,1,0,0,1,0,1,0,0,0,0,0,0,0,0,0
"113","S719","SEG13",1,1,1,1,1,1,1,1,1,1,1,1,1,0,0,1,1,1,1,1,1,0,1,1,1,0,0,1,1,0,0,0,0,0,1,0,0,0,0,0,1,0,0,1,0,0,0,0,0
"114","S1028","SEG14",1,1,1,1,0,1,1,1,1,1,0,1,0,0,1,1,0,0,0,0,1,1,1,0,0,0,1,0,0,0,1,1,0,1,1,0,0,1,0,0,1,0,0,0,0,0,0,0,0
"115","S658","SEG15",1,1,1,1,0,1,0,1,1,1,0,1,0,0,1,0,0,0,0,0,1,1,1,0,0,0,1,0,0,0,1,1,0,1,1,0,0,1,0,0,1,0,0,0,0,0,0,0,0
"116","S706","SEG16",1,1,1,1,0,1,0,1,0,0,0,1,0,0,1,0,0,0,0,1,1,1,0,0,0,0,0,0,1,0,1,0,0,1,1,0,0,1,0,0,1,0,0,0,0,0,0,0,0
"117","S1015","SEG17",1,1,0,1,1,1,1,0,0,1,0,0,0,0,1,0,1,1,0,0,0,0,1,0,0,0,1,0,1,0,0,1,0,0,1,0,0,0,0,0,0,0,0,0,0,0,0,0,0
"118","S1039","SEG18",0,1,1,1,0,1,0,1,1,1,0,1,1,0,0,1,0,1,1,0,0,1,1,0,0,0,0,1,0,1,0,0,0,0,1,0,0,0,0,0,0,0,1,1,1,0,0,1,0
"119","S676","SEG19",1,1,1,1,1,1,1,1,1,1,0,1,0,0,1,0,0,0,1,0,1,1,0,0,0,0,1,0,0,0,1,0,0,1,1,0,0,0,0,0,1,0,0,0,0,0,0,0,0
"120","S980","SEG20",1,1,0,0,1,1,1,0,0,0,0,1,0,0,1,1,0,1,1,0,0,0,0,0,0,0,1,0,0,0,0,0,0,0,1,0,0,0,0,0,1,0,0,0,0,0,0,0,0
"121","S988","SEG21",0,1,0,1,1,1,1,0,0,0,0,1,0,0,1,1,0,1,1,0,0,0,0,0,0,0,0,1,0,0,0,0,0,0,1,0,0,0,0,1,1,0,0,0,1,0,0,0,0
"122","S999","SEG22",1,1,1,0,1,1,0,0,1,1,0,1,1,0,1,1,1,0,1,0,1,0,1,0,0,0,1,0,0,0,1,1,0,1,1,0,0,0,0,1,1,0,0,0,0,0,0,0,0
"123","S612","SEG23",0,1,1,0,0,1,0,0,0,1,0,1,0,0,0,0,0,0,1,1,1,0,1,0,0,0,0,0,0,0,0,0,0,1,1,0,0,0,0,0,1,0,0,0,0,0,0,0,0
"124","S761","SEG24",1,1,0,1,0,1,0,1,1,1,0,1,0,0,1,0,0,0,0,1,1,1,1,0,0,0,1,0,1,0,1,1,0,1,1,0,0,0,0,0,0,0,0,1,1,0,0,0,0
"125","S1007","SEG25",1,1,1,1,1,1,0,0,0,0,0,1,0,0,1,1,0,1,0,1,0,0,1,0,0,0,0,1,1,0,0,1,0,1,1,0,0,1,0,0,1,0,0,0,0,0,0,0,0
"126","S1022","SEG26",1,1,0,0,1,1,0,1,1,1,0,1,0,0,1,0,0,0,0,1,1,0,1,0,0,0,1,0,0,0,0,1,0,1,1,0,0,1,0,0,1,0,0,0,1,0,0,0,0
"127","S1051","SEG27",1,1,0,1,1,1,1,0,1,0,0,0,0,0,1,0,0,0,0,0,0,0,1,0,0,0,1,0,1,0,0,0,0,0,1,0,0,1,0,0,0,0,0,0,0,0,0,0,0
"128","S1042","SEG28",1,1,0,0,0,1,0,1,0,1,0,1,0,0,1,0,0,0,0,0,1,1,1,0,0,0,0,0,0,0,0,1,0,1,1,0,0,1,0,0,1,0,0,0,0,0,0,0,0
"129","S1043","SEG29",1,1,1,1,0,1,0,1,1,1,0,0,0,0,1,0,0,0,1,1,1,1,1,0,0,0,1,0,0,0,1,1,0,1,1,0,0,0,0,0,0,0,0,0,0,0,0,0,0
"130","S690","SEG30",1,1,1,1,1,1,1,1,1,1,0,1,0,0,1,1,0,1,1,1,1,0,1,0,0,0,0,1,0,0,0,0,0,0,1,0,0,1,0,0,0,1,1,1,1,0,0,0,1
"131","S698","SEG31",0,1,1,1,1,1,1,1,1,1,1,1,1,0,0,1,0,1,1,1,0,0,0,0,0,0,0,1,0,0,0,0,1,0,1,1,0,0,0,0,1,1,1,1,1,0,0,0,0
"132","S701","SEG32",1,1,0,1,1,1,1,1,1,0,0,1,1,0,0,1,0,1,1,1,0,0,0,0,0,0,0,1,0,0,0,0,0,0,1,0,0,0,0,0,0,1,1,1,1,0,0,0,1
"133","S732","SEG33",1,1,0,1,1,1,1,0,0,0,0,1,1,0,0,1,1,1,1,0,0,1,1,0,0,0,0,1,1,0,0,1,0,0,1,0,0,1,0,0,1,0,0,0,0,0,0,0,0
"134","S738","SEG34",1,1,1,1,1,1,1,0,0,0,0,1,1,0,0,1,0,1,1,1,0,1,0,0,0,0,0,1,0,0,0,1,0,0,1,0,0,0,0,1,1,0,1,1,0,0,0,0,0
"135","S770","SEG35",1,1,1,1,1,1,1,0,1,1,0,1,1,0,0,1,0,1,1,1,0,1,0,0,0,0,0,1,0,0,0,0,0,0,1,0,0,0,0,0,0,0,1,1,0,0,0,0,0
"136","S1035","SEG36",1,1,1,1,1,1,1,0,0,0,0,1,1,0,1,1,1,1,1,0,0,0,1,0,0,0,0,1,0,0,0,0,0,0,1,0,0,0,0,0,1,0,1,1,0,0,0,0,0
"137","S1036","SEG37",1,1,0,1,1,1,1,1,1,0,0,1,1,0,1,1,0,1,1,0,0,0,1,0,0,0,0,1,0,0,0,0,0,0,1,1,0,0,0,1,0,0,1,1,0,0,0,1,0
"138","S1044","SEG38",0,1,1,1,1,1,1,1,1,0,0,1,1,0,0,1,1,1,1,0,0,0,1,0,0,0,0,1,1,0,0,0,0,0,1,0,0,1,0,0,1,0,1,1,0,0,0,0,0
"139","S780","SEG39",1,1,0,1,1,1,1,0,1,0,0,1,1,0,1,1,0,1,1,1,0,0,0,0,0,0,0,1,0,0,0,0,1,0,1,0,0,0,0,0,1,0,1,1,1,0,0,0,0
"140","S850","SEG40",1,1,1,1,1,1,1,0,0,1,0,1,1,0,1,1,0,1,1,0,1,0,1,0,0,0,0,1,0,0,0,1,0,0,1,0,0,1,0,1,0,0,1,1,1,0,0,1,0
"141","S974","SEG41",1,1,0,1,1,1,1,0,0,0,0,1,1,0,1,0,0,1,1,0,0,0,0,0,0,0,0,1,0,0,0,1,0,0,1,0,1,1,0,1,1,0,0,0,1,0,0,0,0
"142","S1045","SEG42",1,1,0,1,1,1,1,0,0,0,0,1,1,0,1,1,0,1,1,0,0,0,1,0,0,0,0,1,1,0,0,0,0,0,1,0,0,0,0,0,0,0,1,0,0,1,0,1,0
"143","S1046","SEG43",1,1,1,1,1,1,1,0,0,0,0,1,1,0,1,1,0,1,1,0,0,0,0,0,0,0,0,1,1,0,0,0,0,0,1,0,0,0,0,0,1,1,1,1,0,0,0,1,1
"144","S1047","SEG44",1,1,1,1,1,1,1,0,0,0,0,1,1,0,1,1,0,1,1,0,0,1,0,0,0,0,0,1,1,0,0,0,0,0,1,0,0,0,0,0,1,0,0,0,0,0,0,0,0
"145","S1048","SEG45",1,1,0,1,1,1,1,0,0,1,0,1,1,0,1,1,0,1,1,0,0,0,1,0,0,0,0,0,0,0,0,0,0,0,1,0,0,1,0,1,1,0,0,0,0,0,0,1,1
"146","S779","SEG46",1,1,0,1,1,1,1,0,0,0,0,1,1,0,0,1,0,1,1,0,0,0,1,0,0,0,0,1,1,0,0,0,0,0,1,0,0,0,0,0,0,0,0,1,1,0,0,0,0
"147","S801","SEG47",1,1,0,1,1,1,1,1,0,0,0,1,1,0,1,1,1,1,1,0,0,0,0,0,0,0,0,1,0,0,0,0,0,0,1,0,0,0,0,1,1,0,1,1,0,0,0,1,0
"148","S995","SEG48",0,1,0,1,1,1,1,0,1,0,0,1,0,0,1,1,0,1,1,0,0,0,1,0,0,0,0,1,1,0,0,0,0,0,1,0,0,0,0,0,1,0,1,1,0,0,0,0,0
"149","S1033","SEG49",1,1,0,1,1,1,1,0,1,0,0,1,1,0,1,1,1,1,1,0,0,0,1,0,0,0,0,1,0,0,0,0,1,0,1,0,0,0,0,0,1,0,1,0,0,0,0,1,0
"150","S1052","SEG50",1,1,0,1,1,1,1,1,1,0,0,1,1,0,0,1,0,1,1,1,0,0,1,0,0,0,1,1,1,1,0,1,0,0,1,0,0,0,0,1,1,0,1,1,0,0,0,1,0
